timestamp,conversation_id,phone,intent_to_pay,intent_to_pay_date,follow_up,call_outcome,transfer_reason,summary
2025-08-05T12:00:00Z,abc123,+13105550101,true,2025-08-10,,committed,,"Customer will pay on Friday."
2025-08-05T17:48:42.223Z,d5521022-481c-40ad-85bf-db2b97c4fb9f,+13109082230,false,,,unclear_follow_up_scheduled,,"There is no conversation to summarize. This is the beginning of our conversation, and no key facts, decisions, preferences, or goals have been established. We can start discussing a topic, and I can provide a summary at the end if needed. What would you like to talk about?"
2025-08-05T17:49:04.242Z,cc30a7b1-49b8-4ee9-a010-844b82959000,+13109082230,false,,,wrong_number,,"There is no conversation to summarize. This is the beginning of our conversation, and no key facts, decisions, preferences, or goals have been established. We can start discussing a topic, and I can provide a summary at the end if needed. What would you like to talk about?"
2025-08-05T17:50:31.089Z,2142fcdd-6565-4ea7-b16e-bdb63e86e687,+13109082230,false,,,wrong_number,,"There is no conversation to summarize as the exchange appears to be a series of automated voice messages and responses with no substantial discussion or decision-making. The user was attempting to leave a message, but it seems there were issues with the recording function. The conversation ended with the message being sent, despite the difficulties. No key facts, decisions, or goals were established. The interaction was primarily driven by automated prompts."
2025-08-05T17:50:39.304Z,6785c7f8-09ce-4c66-a9ef-b8bc00150ee8,+13109082230,false,,,wrong_number,,"There is no conversation to summarize as the provided text appears to be a series of automated voice messages with no actual conversation or input from a user. The messages seem to be related to a voicemail system, with options to review, re-record, or send a message, but no specific topic or goal is discussed. The conversation, if any, was not captured in the provided text. The automated system eventually sends the message and ends the call."
2025-08-05T17:50:48.076Z,b9389934-5916-4996-8164-3873afa1d17a,+13109082230,false,,,wrong_number,language_escalation,"There is no conversation to summarize as the provided text appears to be a series of automated voice messages and prompts with no actual conversation or decisions made. The messages seem to be related to a voicemail system, guiding the user to record, review, and send a message, but no key facts, preferences, or goals are established. The conversation ends with the message being sent and the system saying goodbye."
2025-08-05T17:52:07.435Z,413a1f58-627d-43dd-b962-c871cecf4306,+13109082230,false,,,wrong_number,,"The conversation is a voicemail message from an assistant regarding a car loan payment follow-up. The assistant has left a message for the user to address the payment. The context suggests a financial or administrative task that requires the user's attention. The assistant's goal is to prompt the user to take action on their car loan payment. The user is expected to receive the message and respond accordingly."
2025-08-05T17:52:57.612Z,5c2e92e9-617f-48cb-8105-429bf835c365,+13109082230,true,08/06/2025,,intent_date_collected,,"Bob has an upcoming payment of $320.00 for his 2019 Honda Civic. He initially requested to make the payment on August 5th or 6th, but then confirmed to make the payment on August 6th, 2025, which is the next day. The payment details have been noted, and there are no additional requests or concerns from Bob. The Sunrise Auto team has been informed of the planned payment date. The conversation has been concluded with no further actions required."
2025-08-05T17:57:46.587Z,e9f972e5-f479-4634-91c6-41bb81addec2,+13109082230,true,08/09/2024,08/09/2024,intent_date_collected,,"Bob has an upcoming payment of $320.00 for his 2019 Honda Civic. He has planned to make the payment on August 9th. The Sunrise Auto team will follow up with him on this date. No additional notes or actions are required at this time. The payment details have been confirmed and the conversation is now complete."
2025-08-05T17:57:47.237Z,d8aa4b73-2bb1-43fb-ba61-508658fede4c,+13109082230,false,,,wrong_number,,"There is no conversation to summarize as the provided text appears to be a series of unrelated phone prompts and a voicemail message from Claire at Cavalier Motors. No key facts, decisions, preferences, or goals were established. The conversation seems to be a collection of automated phone system messages and a single voicemail. No tasks or goals were discussed or initiated."
2025-08-05T18:03:16.477Z,4e8f8988-0f0c-4d0a-90e9-ff72d08f3212,+13109082230,false,,,wrong_number,,"There is no conversation to summarize as the exchange appears to be a series of automated voice messages and prompts with no substantial discussion or decision-making. The conversation seems to be a recording of a voicemail system with repeated prompts and no actual dialogue or resolution. No key facts, decisions, preferences, or goals were established. The conversation ended with the message being sent and the system saying goodbye."
2025-08-05T18:14:30.083Z,27731a73-dd75-458e-8144-59fa78de8f9f,+13109082230,true,08/13/2024,08/13/2024,follow_up_scheduled,,"The conversation was between Claire, an AI Agent from Cavalier Motors, and Alice, the owner of a 2018 Toyota Camry. Claire reminded Alice of an upcoming payment of $450.00 and they discussed setting up a payment time. Alice chose to make the payment on August 13th, and Claire agreed to follow up on that date. No additional notes or actions were requested by Alice."
2025-08-05T18:18:23.661Z,fa3f2ddd-3d61-4c05-b673-d526cab37a4e,+13109082230,false,,,self_service_intent,,"There is no conversation to summarize as this is the beginning of our interaction. We have not discussed any topics, made decisions, or established preferences. Our conversation has just started, and we have a blank slate. I'm ready to assist you with any questions or tasks you may have. Please feel free to initiate the conversation."
2025-08-05T18:19:43.840Z,cbed45da-a3e2-4ff2-9dcc-1df1c244d269,+13109082230,true,08/11/2024,08/11/2024,follow_up_scheduled,,"The conversation was between Claire, an AI Agent from Cavalier Motors, and Alice, the owner of a 2018 Toyota Camry. Claire reminded Alice of an upcoming payment of $450.00 and they discussed a payment plan. Alice scheduled the payment for August 11th, and Claire agreed to follow up on that date. No additional notes or actions were requested by Alice."
2025-08-05T18:37:31.809Z,a474d78b-7d14-4af3-af9c-4b18386069e3,+13109082230,true,08/11/2024,08/11/2024,follow_up_scheduled,,"The conversation was between Claire, an AI Agent from Cavalier Motors, and Alice, the owner of a 2018 Toyota Camry. Claire reminded Alice of an upcoming payment of $450.00 and they discussed a payment plan. Alice decided to make the payment on August 11th, and Claire agreed to follow up on that date. No additional notes or actions were requested by Alice."
2025-08-05T18:38:33.879Z,c52284cf-38ae-4c4f-9984-03181b398f02,+13109082230,true,08/10/2024,08/10/2024,follow_up_scheduled,,"Bob has an upcoming payment of $320.00 for his 2019 Honda Civic. He initially expressed uncertainty about making the payment, but later specified that he plans to pay on August 10th. The Sunrise Auto team will be notified of the planned payment date. Additionally, Bob provided positive feedback, stating that the team is doing a good job. The payment and feedback will be noted for future reference."
2025-08-05T18:43:30.879Z,11a72f11-8113-4106-b625-cb9435ceffdc,+13109082230,false,,,transfer_to_live_agent,sensitive_case,"The user, Alice, received a reminder about an upcoming payment of $450.00 for her 2018 Toyota Camry from Cavalier Motors. She expressed intention to involve her lawyer in the matter. As a result, the AI agent transferred the call to a live agent at Cavalier Motors to further assist with the issue. The user's goal is to resolve the payment matter with the help of her lawyer."
2025-08-05T18:44:22.264Z,42bbeb02-3614-4fee-bc4e-c161b4898c28,+13109082230,true,,,transfer_to_live_agent,vague_long_term_response,"The conversation was between Claire, an AI agent from Sunrise Auto, and Bob, the owner of a 2019 Honda Civic. Bob has an upcoming payment of $320.00 and requested to make the payment in six weeks. Despite being asked if an earlier payment was possible, Bob confirmed that six weeks was the earliest he could make the payment. The conversation was then transferred to a live agent at Sunrise Auto."
2025-08-05T18:54:04.225Z,cafc2ff8-58bb-4497-80f5-3180ee05b97f,+13109082230,false,,,transfer_to_live_agent,sensitive_case,"The user has chosen not to involve their lawyer in the matter. A live agent from Cavalier Motors will be assisting the user instead. The conversation is being transferred to the live agent for further assistance. The user's issue or concern is not specified, but it requires direct support from Cavalier Motors."
2025-08-05T18:54:58.112Z,8966f630-5298-4485-ad15-2c2212e877d8,+13109082230,true,08/14/2024,08/14/2024,follow_up_scheduled,,"Bob has an upcoming payment of $320.00 for his 2019 Honda Civic. He has scheduled the payment for August 14th. The Sunrise Auto team will follow up with him on this date. No additional notes or actions are required at this time. The payment details have been confirmed and are pending completion on the scheduled date."
2025-08-05T19:01:22.940Z,43c88f98-c830-41ea-ade6-816c05cde5dd,+13109082230,false,,,transfer_to_live_agent,sensitive_case,"The user has decided to involve their lawyer in the matter. A live agent from Cavalier Motors will be needed to assist with the issue. The conversation is being transferred to a live agent for further assistance. The user's goal is to resolve the issue with the help of their lawyer and the live agent."
2025-08-05T19:02:12.806Z,052b8232-7000-4523-b2d3-6074c6aa4a29,+13109082230,true,08/11/2024,08/11/2024,intent_date_collected,,"The conversation was between Claire, an AI Agent from Sunrise Auto, and Bob, regarding an upcoming payment for his 2019 Honda Civic. The payment amount is $320.00. Bob has planned to make the payment on August 11th, and Claire will follow up with him on that date. There are no additional notes or concerns to be noted by the Sunrise Auto team."
2025-08-05T19:11:07.056Z,7df7c3c8-7c33-4522-972d-639bc9abb86c,+13109082230,false,,,transfer_to_live_agent,sensitive_case,"The user has decided to involve their lawyer in a matter related to Cavalier Motors. They notified the assistant, who responded by offering to transfer the user to a live agent for further assistance. The issue at hand was not specified, but it requires legal involvement and human support. The conversation was cut short, and the user is awaiting transfer to a live agent. The outcome and details of the issue are yet to be determined."
2025-08-05T19:12:13.621Z,e4193710-90c3-4860-83b8-a7d2d8e5fc57,+13109082230,true,08/13/2024,08/13/2024,intent_date_collected,,"Bob has an upcoming payment of $320.00 for his 2019 Honda Civic. He plans to make the payment on August 13th. The Sunrise Auto team will follow up with him on that date. No additional notes or actions are required at this time."
2025-08-05T19:44:37.343Z,dc972dc6-abd9-467b-ba98-41932bf0e36c,+13109082230,false,,,transfer_to_live_agent,sensitive_case,"The user has decided to involve their lawyer in the matter. A live agent from Cavalier Motors will be needed to assist with the issue. The conversation is being transferred to a live agent for further assistance. The user's goal is to resolve the issue with the help of their lawyer and the live agent."
2025-08-05T19:50:04.172Z,fbcfe3ce-9cb7-48d7-931a-3a86ee551a93,+13109082230,true,08/09/2024,08/09/2024,intent_date_collected,,"A payment plan was discussed and a date of August 9th was agreed upon. The user confirmed this date and the conversation was concluded. No further actions or follow-ups were requested beyond the scheduled payment. The user ended the conversation, satisfied with the arrangement."
2025-08-05T19:52:13.601Z,95be499c-7e31-496d-bf1e-62ffc815e457,+13109082230,true,08/13/2024,08/13/2024,intent_date_collected,,"A payment plan was discussed, with the user intending to make a payment on August 13th. The assistant acknowledged the plan and will follow up on the scheduled date. The user confirmed that no additional information was needed for the Cavalier Motors team. The conversation was concluded with no further actions or decisions required."
2025-08-05T19:52:52.664Z,25a5f3f7-a1c5-4648-adcb-c39c208815b0,+13109082230,false,,,transfer_to_live_agent,sensitive_case,"The user has decided to involve their lawyer in the matter. A live agent from Sunrise Auto will be needed to assist with the issue. The conversation will be transferred to a live agent for further assistance. The user's goal is to resolve the issue with the help of their lawyer and the live agent."
